{
  "metrics": {
    "Linear": {
      "mae": 1.5970690217039523,
      "mse": 28.50764668416217,
      "rmse": 5.339255255572838,
      "r2": 0.9044479670964763
    },
    "Ridge": {
      "mae": 1.565210500741108,
      "mse": 27.00754445274856,
      "rmse": 5.196878337304863,
      "r2": 0.9094760151624122
    },
    "Lasso": {
      "mae": 0.4020982591204504,
      "mse": 0.509131527983335,
      "rmse": 0.7135345317385382,
      "r2": 0.9982934911094884
    },
    "GradientBoosting": {
      "mae": 3.2649271019270474,
      "mse": 181.9759663256136,
      "rmse": 13.489846786587815,
      "r2": 0.3900523001901878
    },
    "XGBoost": {
      "mae": 5.1970319747924805,
      "mse": 289.55035400390625,
      "rmse": 17.016179183468488,
      "r2": 0.0294838547706604
    }
  },
  "products": [
    "103081: AVAGARD 5 8X50 WATER REEL COMB",
    "104518: STRWY HOSE REEL CART 400",
    "109838: STWY WALL MOUNT HOSE REEL",
    "113703: KL 1 2X100 OIL RES A HOSE REEL",
    "113704: KL 1 2X50 OIL RES A HOSE REEL",
    "113705: KL 3 8  X 75  AIR HOSE RE",
    "4850643: 3 8  1 2in  Ratchet Binder",
    "4850651: 5 16  3 8in  Ratchet Binder",
    "73430: KL 3 8X50 AIR HOSE REEL W LEAD",
    "89643: 3 4 X20  ANTISTATIC FUEL"
  ]
}